Year,State,CO2(Metric Tons)
1990,Alabama,10083059.61904762
1990,Alaska,765238.0
1990,Arizona,6622242.6
1990,Arkansas,4462057.523809524
1990,California,5692501.945945946
1990,Colorado,5730379.090909091
1990,Connecticut,2104916.1739130435
1990,Delaware,2538536.8571428573
1990,District of Columbia,409724.0
1990,Florida,12628308.551724138
1990,Georgia,10856430.88
1990,Hawaii,2015876.25
1990,Idaho,150474.76923076922
1990,Illinois,10126935.833333334
1990,Indiana,18872113.14285714
1990,Iowa,4792656.8
1990,Kansas,10006198.545454545
1990,Kentucky,33345578.0
1990,Louisiana,7823115.652173913
1990,Maine,905159.304347826
1990,Maryland,4207640.769230769
1990,Massachusetts,3708790.933333333
1990,Michigan,9258721.032258065
1990,Minnesota,4728456.148148148
1990,Mississippi,4221869.714285715
1990,Missouri,12176256.75
1990,Montana,4301077.6
1990,Nebraska,4930030.181818182
1990,Nevada,6070978.181818182
1990,New Hampshire,1070894.5263157894
1990,New Jersey,1948116.0
1990,New Mexico,5976511.578947368
1990,New York,8914613.548387097
1990,North Carolina,8521717.739130436
1990,North Dakota,8139501.142857143
1990,Ohio,17697174.56
1990,Oklahoma,6680373.454545454
1990,Oregon,411031.0
1990,PR,0.0
1990,Pennsylvania,13272339.515151516
1990,Rhode Island,159616.53333333333
1990,South Carolina,4981853.052631579
1990,South Dakota,1380211.5
1990,Tennessee,11848916.444444444
1990,Texas,27491118.451612905
1990,Utah,6876691.294117647
1990,Vermont,16347.6
1990,Virginia,4430270.153846154
1990,Washington,1708715.2
1990,West Virginia,19244420.266666666
1990,Wisconsin,5177937.793103448
1990,Wyoming,10323040.25
1991,Alabama,11408241.2
1991,Alaska,814188.2
1991,Arizona,7030436.2105263155
1991,Arkansas,4513970.666666667
1991,California,5413865.837837838
1991,Colorado,5357679.304347826
1991,Connecticut,1742192.5925925926
1991,Delaware,2337166.0
1991,District of Columbia,232876.0
1991,Florida,13519791.72413793
1991,Georgia,12274665.8
1991,Hawaii,1968021.142857143
1991,Idaho,134810.15384615384
1991,Illinois,9520006.461538462
1991,Indiana,18775649.333333332
1991,Iowa,4440095.714285715
1991,Kansas,10055864.363636363
1991,Kentucky,33900249.0
1991,Louisiana,8179339.090909091
1991,Maine,778546.7826086957
1991,Maryland,4906314.909090909
1991,Massachusetts,3699833.419354839
1991,Michigan,9002987.625
1991,Minnesota,5108560.0
1991,Mississippi,3861642.0
1991,Missouri,12236314.0
1991,Montana,4375978.5
1991,Nebraska,5779721.6
1991,Nevada,4475767.5
1991,New Hampshire,1160940.0
1991,New Jersey,2115136.888888889
1991,New Mexico,5127471.7894736845
1991,New York,8376383.741935484
1991,North Carolina,7939862.24
1991,North Dakota,9660463.333333334
1991,Ohio,18859087.166666668
1991,Oklahoma,8364528.0
1991,Oregon,770359.4
1991,Pennsylvania,13602109.625
1991,Rhode Island,303447.7894736842
1991,South Carolina,5065049.263157895
1991,South Dakota,1499881.0
1991,Tennessee,11183789.777777778
1991,Texas,28315331.066666666
1991,Utah,6533178.117647059
1991,Vermont,25492.4
1991,Virginia,5131777.666666667
1991,Washington,1461231.1666666667
1991,West Virginia,11679131.130434783
1991,Wisconsin,6788564.521739131
1991,Wyoming,10065278.0
1992,Alabama,12089017.8
1992,Alaska,751402.0952380953
1992,Arizona,7169638.6
1992,Arkansas,4602733.714285715
1992,California,6103278.842105263
1992,Colorado,5087037.76
1992,Connecticut,1626270.5
1992,Delaware,2287856.8571428573
1992,District of Columbia,116153.0
1992,Florida,13864084.57142857
1992,Georgia,9551237.6
1992,Hawaii,1741170.2222222222
1992,Idaho,200540.3076923077
1992,Illinois,8990741.692307692
1992,Indiana,18528411.23809524
1992,Iowa,4469673.62962963
1992,Kansas,9094737.090909092
1992,Kentucky,34430829.5
1992,Louisiana,7790459.666666667
1992,Maine,757213.92
1992,Maryland,4201870.4
1992,Massachusetts,3500206.580645161
1992,Michigan,9463297.379310345
1992,Minnesota,4800168.461538462
1992,Mississippi,3008719.75
1992,Missouri,11870990.25
1992,Montana,4612454.0
1992,Nebraska,4841422.909090909
1992,Nevada,4951763.733333333
1992,New Hampshire,819867.8181818182
1992,New Jersey,2298121.6296296297
1992,New Mexico,5772214.52631579
1992,New York,8008963.866666666
1992,North Carolina,8468873.629629629
1992,North Dakota,8609441.714285715
1992,Ohio,18419741.12
1992,Oklahoma,7302476.909090909
1992,Oregon,934508.5714285715
1992,Pennsylvania,12757428.470588235
1992,Rhode Island,516657.3333333333
1992,South Carolina,5163498.888888889
1992,South Dakota,1403906.5
1992,Tennessee,10562952.0
1992,Texas,27265313.032258064
1992,Utah,7480573.5
1992,Vermont,15297.666666666666
1992,Virginia,5199338.72
1992,Washington,1966288.8695652173
1992,West Virginia,11483513.833333334
1992,Wisconsin,5241876.689655173
1992,Wyoming,11025778.5
1993,Alabama,12730108.0
1993,Alaska,808467.4
1993,Arizona,7525749.2
1993,Arkansas,4143579.0476190476
1993,California,5731916.52631579
1993,Colorado,5416133.666666667
1993,Connecticut,1438782.5
1993,Delaware,2552457.4285714286
1993,District of Columbia,225379.0
1993,Florida,13871865.103448275
1993,Georgia,10294763.04
1993,Hawaii,1942623.75
1993,Idaho,217182.15384615384
1993,Illinois,10006267.285714285
1993,Indiana,17492318.43478261
1993,Iowa,4461806.206896552
1993,Kansas,11030116.0
1993,Kentucky,38536244.0
1993,Louisiana,8156731.166666667
1993,Maine,752595.36
1993,Maryland,4405159.846153846
1993,Massachusetts,3186873.935483871
1993,Michigan,9303305.733333332
1993,Minnesota,4938170.518518519
1993,Mississippi,3349771.3333333335
1993,Missouri,9598421.777777778
1993,Montana,3785497.75
1993,Nebraska,5708728.363636363
1993,Nevada,4547394.75
1993,New Hampshire,848446.3636363636
1993,New Jersey,2310022.5714285714
1993,New Mexico,5584844.4
1993,New York,6917762.322580645
1993,North Carolina,9174134.666666666
1993,North Dakota,8698983.714285715
1993,Ohio,19794506.166666668
1993,Oklahoma,7655272.7272727275
1993,Oregon,819513.2173913043
1993,Pennsylvania,12821676.228571428
1993,Rhode Island,458633.8947368421
1993,South Carolina,5862984.888888889
1993,South Dakota,1407245.5
1993,Tennessee,12243475.0
1993,Texas,29301660.258064516
1993,Utah,6461903.578947368
1993,Vermont,7311.0
1993,Virginia,5931062.88
1993,Washington,1591814.7142857143
1993,West Virginia,13055707.42857143
1993,Wisconsin,5435108.137931035
1993,Wyoming,10457423.25
1994,Alabama,11007869.043478262
1994,Alaska,747427.4545454546
1994,Arizona,7094378.181818182
1994,Arkansas,4829552.8
1994,California,6729636.864864865
1994,Colorado,5884700.0
1994,Connecticut,1480030.608695652
1994,Delaware,2483590.8571428573
1994,District of Columbia,311401.0
1994,Florida,14357741.379310345
1994,Georgia,9928171.703703703
1994,Hawaii,1874670.1176470588
1994,Idaho,207040.3076923077
1994,Illinois,9380521.935483871
1994,Indiana,18090559.304347824
1994,Iowa,4673481.142857143
1994,Kansas,9357397.23076923
1994,Kentucky,37748543.0
1994,Louisiana,8634445.913043479
1994,Maine,760519.36
1994,Maryland,4725163.2
1994,Massachusetts,3224612.3870967743
1994,Michigan,10030901.866666667
1994,Minnesota,4999553.925925926
1994,Mississippi,3406082.4444444445
1994,Missouri,12675213.75
1994,Montana,4473951.75
1994,Nebraska,5491044.0
1994,Nevada,4625296.94117647
1994,New Hampshire,805778.0869565217
1994,New Jersey,2677680.4285714286
1994,New Mexico,5785962.6
1994,New York,6890833.548387097
1994,North Carolina,7565386.8
1994,North Dakota,10134581.0
1994,Ohio,16942137.62962963
1994,Oklahoma,7477040.363636363
1994,Oregon,1131535.8095238095
1994,Pennsylvania,12737615.88235294
1994,Rhode Island,463772.6
1994,South Carolina,6027914.222222222
1994,South Dakota,1236917.6
1994,Tennessee,11045803.4
1994,Texas,28633687.096774194
1994,Utah,6653612.421052632
1994,Vermont,7015.333333333333
1994,Virginia,5038286.714285715
1994,Washington,1883809.3333333333
1994,West Virginia,12955872.347826088
1994,Wisconsin,5215292.25
1994,Wyoming,10408268.0
1995,Alabama,8857504.387096774
1995,Alaska,712403.1304347826
1995,Arizona,6061605.818181818
1995,Arkansas,4313373.666666667
1995,California,4189396.25
1995,Colorado,5263210.24
1995,Connecticut,1390713.4285714286
1995,Delaware,2023376.5
1995,District of Columbia,148478.66666666666
1995,Florida,10090496.095238095
1995,Georgia,9252298.193548387
1995,Hawaii,1391685.5
1995,Idaho,186843.75
1995,Illinois,7753989.578947368
1995,Indiana,15117991.42857143
1995,Iowa,4491934.838709678
1995,Kansas,8998329.538461538
1995,Kentucky,28328048.363636363
1995,Louisiana,6435492.125
1995,Maine,559820.8
1995,Maryland,3461265.5757575757
1995,Massachusetts,2582557.2972972975
1995,Michigan,7517315.5
1995,Minnesota,4242544.5
1995,Mississippi,3319094.0
1995,Missouri,11900683.578947369
1995,Montana,3370617.6
1995,Nebraska,5268831.692307692
1995,Nevada,3805923.789473684
1995,New Hampshire,672706.3703703703
1995,New Jersey,2686339.466666667
1995,New Mexico,5720664.0
1995,New York,5697858.6
1995,North Carolina,6660983.222222222
1995,North Dakota,6964599.294117647
1995,Ohio,16053769.103448275
1995,Oklahoma,6907911.2
1995,Oregon,551781.1666666666
1995,Pennsylvania,10162272.090909092
1995,Rhode Island,458617.05263157893
1995,South Carolina,4402482.5
1995,South Dakota,1181710.8
1995,Tennessee,9127178.923076924
1995,Texas,22231563.8
1995,Utah,5653373.714285715
1995,Vermont,8061.333333333333
1995,Virginia,3953865.7297297297
1995,Washington,1329784.8275862068
1995,West Virginia,11943289.44
1995,Wisconsin,4856014.777777778
1995,Wyoming,9237684.444444444
1996,Alabama,9640266.838709677
1996,Alaska,727424.695652174
1996,Arizona,6071935.090909091
1996,Arkansas,4913971.652173913
1996,California,3770473.76
1996,Colorado,5319298.461538462
1996,Connecticut,1507063.6
1996,Delaware,2269426.8571428573
1996,District of Columbia,135710.0
1996,Florida,10325836.837209303
1996,Georgia,8868681.5
1996,Hawaii,1365136.64
1996,Idaho,162192.23529411765
1996,Illinois,9074411.444444444
1996,Indiana,15572244.857142856
1996,Iowa,4794414.620689655
1996,Kansas,10305246.153846154
1996,Kentucky,29156490.90909091
1996,Louisiana,5963722.5
1996,Maine,514140.34285714285
1996,Maryland,3649785.375
1996,Massachusetts,2670032.2285714285
1996,Michigan,7766009.8
1996,Minnesota,4456284.645161291
1996,Mississippi,3691795.2
1996,Missouri,11276113.714285715
1996,Montana,2825596.2
1996,Nebraska,5268834.461538462
1996,Nevada,4098164.8421052634
1996,New Hampshire,618966.5714285715
1996,New Jersey,2466645.419354839
1996,New Mexico,5834302.2
1996,New York,4811294.7272727275
1996,North Carolina,7314721.189189189
1996,North Dakota,7282215.764705882
1996,Ohio,15541203.25
1996,Oklahoma,7074915.68
1996,Oregon,641463.5
1996,Pennsylvania,10527099.545454545
1996,Rhode Island,732274.0
1996,South Carolina,5067099.0
1996,South Dakota,1064239.2
1996,Tennessee,8666219.25925926
1996,Texas,22706936.097560976
1996,Utah,5444870.0
1996,Vermont,2628.0
1996,Virginia,4063362.2564102565
1996,Washington,1608142.5333333334
1996,West Virginia,12689734.08
1996,Wisconsin,5113685.333333333
1996,Wyoming,9430296.888888888
1997,Alabama,9409072.258064516
1997,Alaska,750389.3333333334
1997,Arizona,6607263.636363637
1997,Arkansas,4631252.521739131
1997,California,4177193.5833333335
1997,Colorado,5355686.0
1997,Connecticut,1932795.6
1997,Delaware,1970729.7142857143
1997,District of Columbia,90820.0
1997,Florida,10977157.61904762
1997,Georgia,8562887.885714285
1997,Hawaii,1353658.72
1997,Idaho,200543.76470588235
1997,Illinois,9845509.371428572
1997,Indiana,16238535.857142856
1997,Iowa,4777414.533333333
1997,Kansas,8915417.142857144
1997,Kentucky,30219635.636363637
1997,Louisiana,6482003.0
1997,Maine,556710.8235294118
1997,Maryland,3543141.8181818184
1997,Massachusetts,3411354.3529411764
1997,Michigan,7740865.2
1997,Minnesota,4145539.882352941
1997,Mississippi,3954150.4
1997,Missouri,11918802.476190476
1997,Montana,3118275.4285714286
1997,Nebraska,4086362.888888889
1997,Nevada,4071700.4210526315
1997,New Hampshire,732911.3103448276
1997,New Jersey,2577951.0967741935
1997,New Mexico,6072802.8
1997,New York,5453035.441860465
1997,North Carolina,7906189.888888889
1997,North Dakota,6981752.470588235
1997,Ohio,15173536.875
1997,Oklahoma,7233951.04
1997,Oregon,564109.8333333334
1997,Pennsylvania,10685780.0
1997,Rhode Island,715643.8
1997,South Carolina,5243713.666666667
1997,South Dakota,1424060.8
1997,Tennessee,8563055.034482758
1997,Texas,22810542.38095238
1997,Utah,5383975.130434782
1997,Vermont,5345.2307692307695
1997,Virginia,4004113.2
1997,Washington,1410436.0
1997,West Virginia,13338869.44
1997,Wisconsin,6016004.121212121
1997,Wyoming,9350414.888888888
1998,Alabama,10050397.6
1998,Alaska,688279.36
1998,Arizona,8146771.578947368
1998,Arkansas,4925070.956521739
1998,California,4342001.795918368
1998,Colorado,5789893.6
1998,Connecticut,1778186.5333333334
1998,Delaware,1662810.0
1998,District of Columbia,262858.0
1998,Florida,11477946.818181818
1998,Georgia,9082618.235294119
1998,Hawaii,1454422.2608695652
1998,Idaho,219932.4705882353
1998,Illinois,8860107.794871794
1998,Indiana,14860388.516129032
1998,Iowa,5257157.2
1998,Kansas,9798220.0
1998,Kentucky,22200394.133333333
1998,Louisiana,7062159.75
1998,Maine,638829.8285714285
1998,Maryland,3921575.393939394
1998,Massachusetts,3392158.6285714284
1998,Michigan,8424065.538461538
1998,Minnesota,4271584.235294118
1998,Mississippi,4304734.2
1998,Missouri,12632137.714285715
1998,Montana,3563916.380952381
1998,Nebraska,4141395.5789473685
1998,Nevada,5021340.705882353
1998,New Hampshire,742257.7142857143
1998,New Jersey,2295473.212121212
1998,New Mexico,6189544.8
1998,New York,5828295.720930233
1998,North Carolina,8127176.457142857
1998,North Dakota,7036694.444444444
1998,Ohio,16168919.870967742
1998,Oklahoma,7320704.64
1998,Oregon,1158697.3333333333
1998,Pennsylvania,10709993.066666666
1998,Rhode Island,724923.4
1998,South Carolina,4723053.142857143
1998,South Dakota,1371116.0
1998,Tennessee,9366594.307692308
1998,Texas,23181636.372093022
1998,Utah,5786497.818181818
1998,Vermont,18738.666666666668
1998,Virginia,4269363.6
1998,Washington,1700450.0
1998,West Virginia,13471345.6
1998,Wisconsin,5145553.052631579
1998,Wyoming,9829005.263157895
1999,Alabama,10233518.4
1999,Alaska,797020.3636363636
1999,Arizona,7804240.571428572
1999,Arkansas,5617352.571428572
1999,California,4823724.833333333
1999,Colorado,5378456.592592592
1999,Connecticut,1618996.0
1999,Delaware,1918744.3076923077
1999,District of Columbia,255115.0
1999,Florida,11402216.46511628
1999,Georgia,9580367.393939395
1999,Hawaii,1458408.6956521738
1999,Idaho,221272.70588235295
1999,Illinois,8752200.8
1999,Indiana,14283521.575757576
1999,Iowa,5300862.4
1999,Kansas,10451974.153846154
1999,Kentucky,22878099.733333334
1999,Louisiana,7079313.125
1999,Maine,767931.7777777778
1999,Maryland,3934910.0
1999,Massachusetts,3054220.342857143
1999,Michigan,8575843.263157895
1999,Minnesota,4116715.882352941
1999,Mississippi,4983079.555555556
1999,Missouri,11929824.0
1999,Montana,3422252.727272727
1999,Nebraska,3996984.4210526315
1999,Nevada,5690492.266666667
1999,New Hampshire,725573.8571428572
1999,New Jersey,2392821.8181818184
1999,New Mexico,6297612.6
1999,New York,5707805.818181818
1999,North Carolina,7812774.666666667
1999,North Dakota,8516964.0
1999,Ohio,16653840.827586208
1999,Oklahoma,6865818.461538462
1999,Oregon,1176576.1666666667
1999,Pennsylvania,10606216.0
1999,Rhode Island,705920.8888888889
1999,South Carolina,5285294.074074074
1999,South Dakota,1540800.8
1999,Tennessee,8297869.517241379
1999,Texas,24284281.80952381
1999,Utah,5437830.833333333
1999,Vermont,13427.384615384615
1999,Virginia,4656237.7894736845
1999,Washington,1479264.121212121
1999,West Virginia,13351017.384615384
1999,Wisconsin,5085147.487179487
1999,Wyoming,9460198.52631579
2000,Alabama,10868666.266666668
2000,Alaska,828698.9090909091
2000,Arizona,8340287.2727272725
2000,Arkansas,5284311.2727272725
2000,California,5534417.632653061
2000,Colorado,6167147.076923077
2000,Connecticut,2108660.1666666665
2000,Delaware,1430503.0588235294
2000,District of Columbia,114064.66666666667
2000,Florida,11107703.555555556
2000,Georgia,10010485.696969697
2000,Hawaii,1578014.5454545454
2000,Idaho,194739.29411764705
2000,Illinois,9717249.23076923
2000,Indiana,14179129.028571429
2000,Iowa,5584501.2
2000,Kansas,11430988.307692308
2000,Kentucky,19463562.888888888
2000,Louisiana,7041413.212121212
2000,Maine,800445.696969697
2000,Maryland,3711525.6
2000,Massachusetts,2757355.4444444445
2000,Michigan,9012207.885714285
2000,Minnesota,4326899.085714285
2000,Mississippi,4291668.761904762
2000,Missouri,12774667.42857143
2000,Montana,3253759.8181818184
2000,Nebraska,4170306.5263157897
2000,Nevada,5825813.647058823
2000,New Hampshire,700818.8571428572
2000,New Jersey,2666129.212121212
2000,New Mexico,5654214.0869565215
2000,New York,5627665.7272727275
2000,North Carolina,8017976.6486486485
2000,North Dakota,7673829.411764706
2000,Ohio,14011077.888888888
2000,Oklahoma,7504570.88
2000,Oregon,1376493.5
2000,Pennsylvania,11295406.909090908
2000,Rhode Island,639830.0
2000,South Carolina,4973951.612903226
2000,South Dakota,1590730.0
2000,Tennessee,8967625.655172413
2000,Texas,25220586.285714287
2000,Utah,5320600.96
2000,Vermont,37710.933333333334
2000,Virginia,4980574.358974359
2000,Washington,1850063.6470588236
2000,West Virginia,13129385.384615384
2000,Wisconsin,5161694.2
2000,Wyoming,9748085.263157895
2001,Alabama,10167705.677419355
2001,Alaska,842233.0909090909
2001,Arizona,7521441.92
2001,Arkansas,5179303.818181818
2001,California,5850040.979591837
2001,Colorado,6778470.56
2001,Connecticut,1574135.3103448276
2001,Delaware,1280729.2631578948
2001,District of Columbia,163811.0
2001,Florida,12054785.75609756
2001,Georgia,9579618.5
2001,Hawaii,1601122.0
2001,Idaho,231780.42105263157
2001,Illinois,10070515.027027028
2001,Indiana,13558193.371428572
2001,Iowa,5728170.75862069
2001,Kansas,11055952.923076924
2001,Kentucky,16097197.818181818
2001,Louisiana,6468218.588235294
2001,Maine,1073939.878787879
2001,Maryland,3618422.0
2001,Massachusetts,2754235.111111111
2001,Michigan,7996269.846153846
2001,Minnesota,4060882.222222222
2001,Mississippi,5044605.6
2001,Missouri,11232620.32
2001,Montana,3705147.0
2001,Nebraska,4290549.8
2001,Nevada,6437064.266666667
2001,New Hampshire,649365.0
2001,New Jersey,2742381.625
2001,New Mexico,5519471.130434782
2001,New York,6256747.58974359
2001,North Carolina,7703694.810810811
2001,North Dakota,9167116.285714285
2001,Ohio,12939973.18918919
2001,Oklahoma,6668702.714285715
2001,Oregon,1631043.8260869565
2001,Pennsylvania,10300794.636363637
2001,Rhode Island,918967.2
2001,South Carolina,4494727.625
2001,South Dakota,1980824.5
2001,Tennessee,8558564.137931034
2001,Texas,24354034.38095238
2001,Utah,5718589.391304348
2001,Vermont,14506.333333333334
2001,Virginia,4289348.0
2001,Washington,1742463.888888889
2001,West Virginia,10438126.344827587
2001,Wisconsin,5108096.512820513
2001,Wyoming,10899326.588235294
2002,Alabama,10791677.2
2002,Alaska,685266.9230769231
2002,Arizona,7077897.538461538
2002,Arkansas,4976218.363636363
2002,California,4899466.6122448975
2002,Colorado,7239188.521739131
2002,Connecticut,1660958.24
2002,Delaware,1277872.0
2002,District of Columbia,264116.0
2002,Florida,12543357.9
2002,Georgia,10335389.5
2002,Hawaii,1699455.8181818181
2002,Idaho,171856.44444444444
2002,Illinois,9959406.666666666
2002,Indiana,13345902.628571428
2002,Iowa,6160475.111111111
2002,Kansas,12066934.461538462
2002,Kentucky,15322465.391304348
2002,Louisiana,6929436.625
2002,Maine,1135563.7777777778
2002,Maryland,4066531.870967742
2002,Massachusetts,2893034.285714286
2002,Michigan,7715415.179487179
2002,Minnesota,4597454.666666667
2002,Mississippi,3362549.4285714286
2002,Missouri,11348734.72
2002,Montana,3206684.1904761903
2002,Nebraska,4160401.6
2002,Nevada,6081208.571428572
2002,New Hampshire,657732.4285714285
2002,New Jersey,2769083.625
2002,New Mexico,5386914.363636363
2002,New York,5488887.317073171
2002,North Carolina,7935795.243243244
2002,North Dakota,8111091.5
2002,Ohio,13825754.666666666
2002,Oklahoma,6981908.285714285
2002,Oregon,1201947.0
2002,Pennsylvania,10665768.888888888
2002,Rhode Island,619681.8
2002,South Carolina,5279601.857142857
2002,South Dakota,1150761.3333333333
2002,Tennessee,8248709.24137931
2002,Texas,24609341.714285713
2002,Utah,6440297.714285715
2002,Vermont,5052.0
2002,Virginia,4711544.2
2002,Washington,1539884.8484848484
2002,West Virginia,12506630.285714285
2002,Wisconsin,4960356.9
2002,Wyoming,9532073.05263158
2003,Alabama,10160681.875
2003,Alaska,637680.64
2003,Arizona,7876567.333333333
2003,Arkansas,4098860.888888889
2003,California,4596604.897959184
2003,Colorado,6862980.0
2003,Connecticut,1482856.923076923
2003,Delaware,1228851.4782608696
2003,District of Columbia,82884.0
2003,Florida,11819120.363636363
2003,Georgia,10031911.125
2003,Hawaii,1590915.2727272727
2003,Idaho,234521.68421052632
2003,Illinois,10424106.918918919
2003,Indiana,12427230.210526315
2003,Iowa,6610274.88
2003,Kansas,12039338.76923077
2003,Kentucky,15722318.909090908
2003,Louisiana,6841210.666666667
2003,Maine,862827.6666666666
2003,Maryland,3878572.8235294116
2003,Massachusetts,3326039.878787879
2003,Michigan,7419225.5
2003,Minnesota,4358230.054054054
2003,Mississippi,3782034.56
2003,Missouri,12312325.12
2003,Montana,3300852.695652174
2003,Nebraska,4143578.476190476
2003,Nevada,5815532.75
2003,New Hampshire,1180281.5384615385
2003,New Jersey,2629776.3870967743
2003,New Mexico,5761560.363636363
2003,New York,5895636.615384615
2003,North Carolina,7457782.871794872
2003,North Dakota,7118496.222222222
2003,Ohio,14343568.0
2003,Oklahoma,7033608.857142857
2003,Oregon,1266866.7142857143
2003,Pennsylvania,10470247.826086957
2003,Rhode Island,567664.0
2003,South Carolina,4629430.625
2003,South Dakota,1237427.6666666667
2003,Tennessee,7530792.8
2003,Texas,24541032.0
2003,Utah,6954616.2
2003,Vermont,10286.0
2003,Virginia,4437367.523809524
2003,Washington,1794945.5294117648
2003,West Virginia,11938558.344827587
2003,Wisconsin,4798500.195121951
2003,Wyoming,10246507.333333334
2004,Alabama,9294610.628571428
2004,Alaska,868635.0909090909
2004,Arizona,9199997.739130436
2004,Arkansas,4437542.769230769
2004,California,5014132.083333333
2004,Colorado,6588871.2
2004,Connecticut,1600930.1538461538
2004,Delaware,1146725.043478261
2004,District of Columbia,56473.0
2004,Florida,12487545.523809524
2004,Georgia,10031731.272727273
2004,Hawaii,1533761.5
2004,Idaho,275523.15789473685
2004,Illinois,10546118.974358974
2004,Indiana,13055945.297297297
2004,Iowa,6204933.037037037
2004,Kansas,11803274.76923077
2004,Kentucky,15340773.391304348
2004,Louisiana,7369805.125
2004,Maine,821074.5555555555
2004,Maryland,3923291.757575758
2004,Massachusetts,3285621.875
2004,Michigan,6832308.869565218
2004,Minnesota,3995285.128205128
2004,Mississippi,4094572.8
2004,Missouri,11571968.296296297
2004,Montana,3568232.3636363638
2004,Nebraska,4267447.4
2004,Nevada,5601931.333333333
2004,New Hampshire,1268543.076923077
2004,New Jersey,2772699.6129032257
2004,New Mexico,7479079.05882353
2004,New York,6115890.947368421
2004,North Carolina,7716168.631578947
2004,North Dakota,6812712.666666667
2004,Ohio,13130941.789473685
2004,Oklahoma,6805373.714285715
2004,Oregon,1233647.6
2004,Pennsylvania,10469087.40425532
2004,Rhode Island,564775.7333333333
2004,South Carolina,4899390.545454546
2004,South Dakota,1315593.3333333333
2004,Tennessee,7907741.866666666
2004,Texas,23583191.09090909
2004,Utah,6458577.2727272725
2004,Vermont,7265.0
2004,Virginia,4980073.684210527
2004,Washington,1687171.888888889
2004,West Virginia,12296042.814814815
2004,Wisconsin,4939809.463414635
2004,Wyoming,9849125.47368421
2005,Alabama,10606562.0
2005,Alaska,727328.3333333334
2005,Arizona,8320540.96
2005,Arkansas,4119168.4615384615
2005,California,4583233.333333333
2005,Colorado,6132927.111111111
2005,Connecticut,1665885.0
2005,Delaware,1100535.84
2005,District of Columbia,235930.0
2005,Florida,12527940.0
2005,Georgia,11662115.612903226
2005,Hawaii,1588240.5217391304
2005,Idaho,283171.15789473685
2005,Illinois,10500434.358974358
2005,Indiana,13368909.72972973
2005,Iowa,6538990.56
2005,Kansas,11775844.923076924
2005,Kentucky,15888456.869565217
2005,Louisiana,6783553.647058823
2005,Maine,836720.7058823529
2005,Maryland,3963954.470588235
2005,Massachusetts,3491938.709677419
2005,Michigan,7098344.0
2005,Minnesota,4052891.282051282
2005,Mississippi,4059644.16
2005,Missouri,12024127.851851853
2005,Montana,3785636.1904761903
2005,Nebraska,4412888.0
2005,Nevada,5821934.666666667
2005,New Hampshire,1267767.3846153845
2005,New Jersey,2747369.0322580645
2005,New Mexico,6654776.0
2005,New York,6423702.315789473
2005,North Carolina,8078735.157894737
2005,North Dakota,8284678.75
2005,Ohio,15247605.142857144
2005,Oklahoma,7193436.827586207
2005,Oregon,1293331.2857142857
2005,Pennsylvania,11388693.866666667
2005,Rhode Island,581335.7777777778
2005,South Carolina,5164696.125
2005,South Dakota,1118254.3333333333
2005,Tennessee,8084521.066666666
2005,Texas,24309967.81395349
2005,Utah,6604366.545454546
2005,Vermont,4571.0
2005,Virginia,5212552.6486486485
2005,Washington,1591037.1578947369
2005,West Virginia,13722235.04
2005,Wisconsin,5346513.1707317075
2005,Wyoming,8400608.0
2006,Alabama,10769184.375
2006,Alaska,771119.0
2006,Arizona,7715963.428571428
2006,Arkansas,4286111.851851852
2006,California,5194094.173913044
2006,Colorado,6285398.222222222
2006,Connecticut,1595500.4285714286
2006,Delaware,991537.0
2006,District of Columbia,100086.0
2006,Florida,12160228.19047619
2006,Georgia,12136008.666666666
2006,Hawaii,1589172.5217391304
2006,Idaho,185606.1052631579
2006,Illinois,10639413.05263158
2006,Indiana,13354233.297297297
2006,Iowa,6599244.16
2006,Kansas,12077992.666666666
2006,Kentucky,16389136.0
2006,Louisiana,6624299.636363637
2006,Maine,688155.6363636364
2006,Maryland,3524123.0857142857
2006,Massachusetts,3085277.1612903224
2006,Michigan,6819336.177777777
2006,Minnesota,3916213.5384615385
2006,Mississippi,4165613.44
2006,Missouri,11914332.296296297
2006,Montana,3695956.5714285714
2006,Nebraska,4608881.684210527
2006,Nevada,3722315.111111111
2006,New Hampshire,1096876.1538461538
2006,New Jersey,2671504.2666666666
2006,New Mexico,6106300.363636363
2006,New York,5142788.6
2006,North Carolina,7996087.567567567
2006,North Dakota,7888416.5
2006,Ohio,18009406.344827585
2006,Oklahoma,7561765.857142857
2006,Oregon,1059587.4074074074
2006,Pennsylvania,11312560.622222222
2006,Rhode Island,594379.5294117647
2006,South Carolina,5328500.258064516
2006,South Dakota,1194750.3333333333
2006,Tennessee,9207428.0
2006,Texas,23655809.272727273
2006,Utah,5669741.076923077
2006,Vermont,3422.0
2006,Virginia,4476111.7894736845
2006,Washington,1165874.6666666667
2006,West Virginia,12748785.185185185
2006,Wisconsin,4780210.536585365
2006,Wyoming,8360664.363636363
2007,Alabama,11049655.375
2007,Alaska,620433.4285714285
2007,Arizona,8685442.153846154
2007,Arkansas,4491317.777777778
2007,California,5373602.468085106
2007,Colorado,6455007.259259259
2007,Connecticut,1494772.857142857
2007,Delaware,1167850.56
2007,District of Columbia,86026.0
2007,Florida,12567985.75609756
2007,Georgia,12054549.75
2007,Hawaii,1569793.2173913044
2007,Idaho,270340.84210526315
2007,Illinois,11189370.105263159
2007,Indiana,13328439.35135135
2007,Iowa,7132592.32
2007,Kansas,15830965.6
2007,Kentucky,16237332.695652174
2007,Louisiana,6646824.363636363
2007,Maine,659732.9411764706
2007,Maryland,3707217.6470588236
2007,Massachusetts,3679939.8571428573
2007,Michigan,6976350.173913044
2007,Minnesota,3649584.9523809524
2007,Mississippi,4480723.52
2007,Missouri,11616258.814814815
2007,Montana,4069313.8
2007,Nebraska,4420032.421052632
2007,Nevada,3559779.1578947366
2007,New Hampshire,1105903.52
2007,New Jersey,2769517.6
2007,New Mexico,5809994.0
2007,New York,5657820.52631579
2007,North Carolina,8585572.864864865
2007,North Dakota,6456175.6
2007,Ohio,13891618.0
2007,Oklahoma,8010605.230769231
2007,Oregon,1470742.4827586208
2007,Pennsylvania,12929676.9
2007,Rhode Island,789686.1333333333
2007,South Carolina,5160061.575757576
2007,South Dakota,767173.0
2007,Tennessee,9476926.76923077
2007,Texas,24549475.23809524
2007,Utah,5763831.111111111
2007,Vermont,4029.6
2007,Virginia,5555100.0
2007,Washington,1465962.6285714286
2007,West Virginia,12928511.555555556
2007,Wisconsin,4838184.292682927
2007,Wyoming,8451170.181818182
2008,Alabama,11084594.266666668
2008,Alaska,795648.3636363636
2008,Arizona,8412861.0
2008,Arkansas,4541228.740740741
2008,California,5439005.9130434785
2008,Colorado,6665515.52
2008,Connecticut,1350106.2857142857
2008,Delaware,1014915.8461538461
2008,District of Columbia,69856.0
2008,Florida,12105247.2
2008,Georgia,11966644.666666666
2008,Hawaii,1507978.5
2008,Idaho,214035.15789473685
2008,Illinois,10915928.615384616
2008,Indiana,14665913.88235294
2008,Iowa,6591053.142857143
2008,Kansas,14925885.2
2008,Kentucky,16352743.304347826
2008,Louisiana,6634651.151515151
2008,Maine,607261.7142857143
2008,Maryland,3332030.4
2008,Massachusetts,3180453.1428571427
2008,Michigan,6736312.434782608
2008,Minnesota,3682140.7
2008,Mississippi,3987737.3846153845
2008,Missouri,10353290.0
2008,Montana,3392535.0
2008,Nebraska,4991003.333333333
2008,Nevada,3455928.380952381
2008,New Hampshire,1043430.7692307692
2008,New Jersey,2679614.6666666665
2008,New Mexico,5617962.0
2008,New York,4963863.263157895
2008,North Carolina,8610719.085714286
2008,North Dakota,6577405.2
2008,Ohio,17208109.333333332
2008,Oklahoma,6674966.875
2008,Oregon,1492486.0689655172
2008,Pennsylvania,11021964.977777777
2008,Rhode Island,919237.2307692308
2008,South Carolina,5489388.903225807
2008,South Dakota,1009582.75
2008,Tennessee,9026372.0
2008,Texas,26601076.210526317
2008,Utah,6058553.692307692
2008,Vermont,2839.2
2008,Virginia,4870793.529411765
2008,Washington,1520683.5555555555
2008,West Virginia,14101696.666666666
2008,Wisconsin,4723112.380952381
2008,Wyoming,9860445.05263158
2009,Alabama,8934022.709677419
2009,Alaska,770973.6363636364
2009,Arizona,7136485.066666666
2009,Arkansas,4507748.148148148
2009,California,5057672.255319149
2009,Colorado,6498118.0
2009,Connecticut,1237859.6923076923
2009,Delaware,637423.0769230769
2009,District of Columbia,35752.0
2009,Florida,11779866.358974358
2009,Georgia,9938357.41935484
2009,Hawaii,1332519.6923076923
2009,Idaho,215617.47368421053
2009,Illinois,10699976.54054054
2009,Indiana,13072116.588235294
2009,Iowa,7162982.166666667
2009,Kansas,18103533.0
2009,Kentucky,16410498.095238095
2009,Louisiana,6451633.212121212
2009,Maine,571426.5454545454
2009,Maryland,2932462.057142857
2009,Massachusetts,2916048.1481481483
2009,Michigan,6845456.837209302
2009,Minnesota,3208469.904761905
2009,Mississippi,3612400.4615384615
2009,Missouri,9640738.709677419
2009,Montana,2924693.1666666665
2009,Nebraska,5310993.555555556
2009,Nevada,3181654.6086956523
2009,New Hampshire,881129.6
2009,New Jersey,2010694.625
2009,New Mexico,7053111.157894737
2009,New York,4013693.4736842103
2009,North Carolina,7010275.459459459
2009,North Dakota,7246321.777777778
2009,Ohio,13150379.314285714
2009,Oklahoma,6707875.225806451
2009,Oregon,1393487.2592592593
2009,Pennsylvania,10601917.636363637
2009,Rhode Island,978775.6923076923
2009,South Carolina,4765176.875
2009,South Dakota,877648.25
2009,Tennessee,7557883.130434782
2009,Texas,24909170.153846152
2009,Utah,5410000.592592592
2009,Vermont,2194.3333333333335
2009,Virginia,4132634.742857143
2009,Washington,1545805.7142857143
2009,West Virginia,12557668.761904761
2009,Wisconsin,4536744.615384615
2009,Wyoming,9407150.736842105
2010,Alabama,10241904.903225806
2010,Alaska,717400.3478260869
2010,Arizona,7424453.066666666
2010,Arkansas,4692181.655172414
2010,California,4345555.450980392
2010,Colorado,6479802.24
2010,Connecticut,1314480.5714285714
2010,Delaware,930512.0
2010,District of Columbia,190742.0
2010,Florida,12698587.487179488
2010,Georgia,9716695.647058824
2010,Hawaii,1183809.4285714286
2010,Idaho,220584.36363636365
2010,Illinois,10312783.4
2010,Indiana,13680294.823529411
2010,Iowa,7868553.333333333
2010,Kansas,11175671.384615384
2010,Kentucky,17744680.0
2010,Louisiana,7115889.212121212
2010,Maine,618519.125
2010,Maryland,2929931.777777778
2010,Massachusetts,2898715.714285714
2010,Michigan,6770885.818181818
2010,Minnesota,3379087.8974358975
2010,Mississippi,3977082.3703703703
2010,Missouri,10169634.322580645
2010,Montana,3542526.782608696
2010,Nebraska,5149630.736842105
2010,Nevada,2960070.9565217393
2010,New Hampshire,822442.3703703703
2010,New Jersey,2472275.6129032257
2010,New Mexico,5595943.428571428
2010,New York,4377237.684210527
2010,North Carolina,7917927.3513513515
2010,North Dakota,6903088.666666667
2010,Ohio,14783495.757575758
2010,Oklahoma,7620855.076923077
2010,Oregon,1495405.9259259258
2010,Pennsylvania,11166328.272727273
2010,Rhode Island,989868.0
2010,South Carolina,5515202.933333334
2010,South Dakota,1203726.6666666667
2010,Tennessee,7711370.72
2010,Texas,25785557.743589744
2010,Utah,5464502.615384615
2010,Vermont,2672.0
2010,Virginia,4413231.222222222
2010,Washington,1598126.857142857
2010,West Virginia,13506063.636363637
2010,Wisconsin,4394273.76744186
2010,Wyoming,9621673.894736841
2011,Alabama,9859803.35483871
2011,Alaska,695472.0
2011,Arizona,6907837.677419355
2011,Arkansas,5132278.142857143
2011,California,3832629.52
2011,Colorado,6584905.666666667
2011,Connecticut,1170860.4285714286
2011,Delaware,714232.7272727273
2011,District of Columbia,100043.42857142857
2011,Florida,11737562.666666666
2011,Georgia,8156382.742857143
2011,Hawaii,1296003.04
2011,Idaho,143444.34782608695
2011,Illinois,10331409.23076923
2011,Indiana,11849519.891891891
2011,Iowa,6750595.846153846
2011,Kansas,10805920.615384616
2011,Kentucky,17655921.904761903
2011,Louisiana,7374168.588235294
2011,Maine,527411.8787878788
2011,Maryland,2486884.947368421
2011,Massachusetts,2343497.1428571427
2011,Michigan,6160126.311111111
2011,Minnesota,2965290.8181818184
2011,Mississippi,3588612.153846154
2011,Missouri,10178477.625
2011,Montana,3784121.3333333335
2011,Nebraska,6812721.75
2011,Nevada,2564917.7391304346
2011,New Hampshire,820315.84
2011,New Jersey,2182819.870967742
2011,New Mexico,6560882.105263158
2011,New York,3921671.052631579
2011,North Carolina,6788909.621621622
2011,North Dakota,5970999.2
2011,Ohio,10958017.268292682
2011,Oklahoma,8218230.08
2011,Oregon,840173.875
2011,Pennsylvania,10438245.688888889
2011,Rhode Island,1106168.0
2011,South Carolina,5162684.0
2011,South Dakota,970466.6666666666
2011,Tennessee,7275533.92
2011,Texas,26746409.2
2011,Utah,5028525.481481481
2011,Vermont,6401.066666666667
2011,Virginia,3528295.135135135
2011,Washington,940445.8285714285
2011,West Virginia,10314730.0
2011,Wisconsin,4302988.651162791
2011,Wyoming,9515247.157894736
2012,Alabama,8376563.636363637
2012,Alaska,688761.76
2012,Arizona,7220639.862068965
2012,Arkansas,5176272.0
2012,California,4656393.098039215
2012,Colorado,6388124.32
2012,Connecticut,1057304.5882352942
2012,Delaware,905645.8181818182
2012,District of Columbia,37780.0
2012,Florida,11709104.52631579
2012,Georgia,6559451.333333333
2012,Hawaii,1173045.2307692308
2012,Idaho,180297.6923076923
2012,Illinois,10490083.222222222
2012,Indiana,10786281.297297297
2012,Iowa,6113627.407407408
2012,Kansas,9751644.307692308
2012,Kentucky,14901351.652173912
2012,Louisiana,7080252.235294118
2012,Maine,413603.8888888889
2012,Maryland,2299628.4444444445
2012,Massachusetts,1851146.9677419355
2012,Michigan,5776731.489361702
2012,Minnesota,2713696.761904762
2012,Mississippi,3736129.230769231
2012,Missouri,10792098.0
2012,Montana,3560910.222222222
2012,Nebraska,5881663.555555556
2012,Nevada,2388670.88
2012,New Hampshire,660701.2307692308
2012,New Jersey,2080042.7096774194
2012,New Mexico,5832510.2
2012,New York,3856080.864864865
2012,North Carolina,6262035.3513513515
2012,North Dakota,6186809.8
2012,Ohio,8885851.53488372
2012,Oklahoma,7286877.333333333
2012,Oregon,920648.625
2012,Pennsylvania,9777484.177777778
2012,Rhode Island,1047200.6153846154
2012,South Carolina,3912863.4285714286
2012,South Dakota,1089633.0
2012,Tennessee,5385929.935483871
2012,Texas,25368927.1
2012,Utah,4060503.5
2012,Vermont,3277.866666666667
2012,Virginia,2922318.9
2012,Washington,716920.6153846154
2012,West Virginia,12218740.727272727
2012,Wisconsin,4225274.666666667
2012,Wyoming,9040639.80952381
2013,Alabama,8931470.266666668
2013,Alaska,538319.5714285715
2013,Arizona,9223689.0
2013,Arkansas,5335082.857142857
2013,California,4409488.230769231
2013,Colorado,6059587.230769231
2013,Connecticut,997301.3714285714
2013,Delaware,944348.8
2013,District of Columbia,48726.0
2013,Florida,10326731.904761905
2013,Georgia,6683781.529411765
2013,Hawaii,1142798.0
2013,Idaho,323625.5
2013,Illinois,10574281.945945946
2013,Indiana,10691370.918918919
2013,Iowa,5223309.733333333
2013,Kansas,9464386.0
2013,Kentucky,16248356.952380951
2013,Louisiana,6659852.914285715
2013,Maine,408378.44444444444
2013,Maryland,2165684.1142857145
2013,Massachusetts,1841878.5
2013,Michigan,5718523.659574468
2013,Minnesota,2543946.2608695654
2013,Mississippi,3353095.703703704
2013,Missouri,9793057.375
2013,Montana,3228701.523809524
2013,Nebraska,6231756.0
2013,Nevada,2510472.8
2013,New Hampshire,530377.5384615385
2013,New Jersey,1973605.75
2013,New Mexico,4755784.0
2013,New York,3264038.7317073173
2013,North Carolina,5839950.358974359
2013,North Dakota,6054807.0
2013,Ohio,9315063.636363637
2013,Oklahoma,6381768.9655172415
2013,Oregon,1151490.303030303
2013,Pennsylvania,9454699.739130436
2013,Rhode Island,873169.2307692308
2013,South Carolina,3292505.6
2013,South Dakota,1075924.0
2013,Tennessee,4918419.096774193
2013,Texas,26406625.025641024
2013,Utah,4199847.882352941
2013,Vermont,3901.866666666667
2013,Virginia,3384044.2926829266
2013,Washington,1286415.4871794872
2013,West Virginia,12520337.454545455
2013,Wisconsin,4768607.6
2013,Wyoming,10670866.315789474
2014,Alabama,8727037.032258065
2014,Alaska,569224.16
2014,Arizona,9760741.818181818
2014,Arkansas,5326942.857142857
2014,California,4792213.75
2014,Colorado,5699794.222222222
2014,Connecticut,1024526.7878787878
2014,Delaware,814555.2380952381
2014,District of Columbia,48396.0
2014,Florida,11604686.358974358
2014,Georgia,6758481.405405405
2014,Hawaii,1145846.0
2014,Idaho,213079.0
2014,Illinois,10736006.444444444
2014,Indiana,10463559.9
2014,Iowa,4914010.5
2014,Kansas,9083868.57142857
2014,Kentucky,18062113.47368421
2014,Louisiana,7372452.774193549
2014,Maine,340291.0
2014,Maryland,2365848.5714285714
2014,Massachusetts,1722281.2
2014,Michigan,5141103.6
2014,Minnesota,2904665.8666666667
2014,Mississippi,3845975.68
2014,Missouri,9772270.193548387
2014,Montana,3074372.347826087
2014,Nebraska,5855118.222222222
2014,Nevada,2595473.28
2014,New Hampshire,531975.5384615385
2014,New Jersey,2160421.7647058824
2014,New Mexico,4707135.428571428
2014,New York,3586536.1052631577
2014,North Carolina,6008003.384615385
2014,North Dakota,6759931.555555556
2014,Ohio,9624422.829268293
2014,Oklahoma,5875014.0
2014,Oregon,1014514.7878787878
2014,Pennsylvania,9716350.761904761
2014,Rhode Island,789526.7692307692
2014,South Carolina,3675861.888888889
2014,South Dakota,1031138.6666666666
2014,Tennessee,5915031.142857143
2014,Texas,26101296.205128204
2014,Utah,4855791.310344827
2014,Vermont,3676.0
2014,Virginia,3291102.8292682925
2014,Washington,1349657.5135135136
2014,West Virginia,12267601.5
2014,Wisconsin,4606305.7894736845
2014,Wyoming,9965633.263157895
2015,Alabama,9546932.148148147
2015,Alaska,612742.8333333334
2015,Arizona,9127484.0
2015,Arkansas,4083884.8571428573
2015,California,4931669.422222222
2015,Colorado,5755892.307692308
2015,Connecticut,1096849.3333333333
2015,Delaware,779236.380952381
2015,District of Columbia,15822.666666666666
2015,Florida,10653634.285714285
2015,Georgia,6585997.777777778
2015,Hawaii,1131699.8461538462
2015,Idaho,266530.0
2015,Illinois,8643573.846153846
2015,Indiana,9373174.421052631
2015,Iowa,4122694.470588235
2015,Kansas,7811726.857142857
2015,Kentucky,16089957.263157895
2015,Louisiana,7037366.5
2015,Maine,303156.41025641025
2015,Maryland,2154600.588235294
2015,Massachusetts,1626873.8181818181
2015,Michigan,5479124.653061224
2015,Minnesota,2693964.533333333
2015,Mississippi,4195113.833333333
2015,Missouri,9378666.75862069
2015,Montana,3454381.904761905
2015,Nebraska,5627951.777777778
2015,Nevada,2360322.24
2015,New Hampshire,562066.4615384615
2015,New Jersey,2285553.0588235296
2015,New Mexico,4733300.952380952
2015,New York,3636747.222222222
2015,North Carolina,5665698.947368421
2015,North Dakota,6249102.6
2015,Ohio,8586912.717948718
2015,Oklahoma,5741524.137931035
2015,Oregon,1027040.0
2015,Pennsylvania,8462568.558139535
2015,Rhode Island,884195.6923076923
2015,South Carolina,3316555.4444444445
2015,South Dakota,647084.0
2015,Tennessee,5842620.461538462
2015,Texas,24338610.6
2015,Utah,4211024.5
2015,Vermont,2771.0
2015,Virginia,3404680.5853658537
2015,Washington,1287360.3333333333
2015,West Virginia,12049062.727272727
2015,Wisconsin,5021633.333333333
2015,Wyoming,9042960.57142857
2016,Alabama,8888651.384615384
2016,Alaska,554609.44
2016,Arizona,8482050.095238095
2016,Arkansas,4532266.571428572
2016,California,4178456.888888889
2016,Colorado,6012444.333333333
2016,Connecticut,1106921.2903225806
2016,Delaware,831128.1904761905
2016,District of Columbia,19021.6
2016,Florida,10513159.80952381
2016,Georgia,6874919.657142857
2016,Hawaii,1075096.2962962964
2016,Idaho,252262.89655172414
2016,Illinois,8025063.888888889
2016,Indiana,8988696.842105264
2016,Iowa,3554769.411764706
2016,Kansas,7926816.615384615
2016,Kentucky,15248984.842105264
2016,Louisiana,6645238.75
2016,Maine,276468.2162162162
2016,Maryland,2251874.6666666665
2016,Massachusetts,1754734.4827586208
2016,Michigan,4990962.808510638
2016,Minnesota,2757569.488372093
2016,Mississippi,5004238.666666667
2016,Missouri,8961565.0
2016,Montana,3137136.9523809524
2016,Nebraska,5114158.0
2016,Nevada,2326690.08
2016,New Hampshire,388670.92307692306
2016,New Jersey,2638502.0
2016,New Mexico,4216959.2727272725
2016,New York,3477243.4444444445
2016,North Carolina,5525505.157894737
2016,North Dakota,5981572.4
2016,Ohio,8823611.675675675
2016,Oklahoma,5118016.827586207
2016,Oregon,965512.5882352941
2016,Pennsylvania,8099171.714285715
2016,Rhode Island,821547.3846153846
2016,South Carolina,3294240.588235294
2016,South Dakota,891969.3333333334
2016,Tennessee,5915107.407407408
2016,Texas,24252011.282051284
2016,Utah,3644512.2580645164
2016,Vermont,2881.5
2016,Virginia,3567429.463414634
2016,Washington,1169021.9428571428
2016,West Virginia,13694586.4
2016,Wisconsin,4675872.8
2016,Wyoming,8413643.80952381
2017,Alabama,8183399.230769231
2017,Alaska,565042.56
2017,Arizona,8331286.666666667
2017,Arkansas,4936561.777777778
2017,California,3863739.217391304
2017,Colorado,6212111.478260869
2017,Connecticut,1016025.5483870967
2017,Delaware,691463.2380952381
2017,District of Columbia,24650.0
2017,Florida,10481799.609756097
2017,Georgia,6643764.242424242
2017,Hawaii,1139895.52
2017,Idaho,253013.14285714287
2017,Illinois,8314097.529411765
2017,Indiana,8857239.675675675
2017,Iowa,3504166.8571428573
2017,Kansas,6353478.0
2017,Kentucky,13316151.368421054
2017,Louisiana,6446531.741935484
2017,Maine,226770.9189189189
2017,Maryland,1621710.0606060605
2017,Massachusetts,1597924.3870967743
2017,Michigan,5698917.268292683
2017,Minnesota,2636696.2790697673
2017,Mississippi,4200214.956521739
2017,Missouri,9468250.48275862
2017,Montana,3030730.6666666665
2017,Nebraska,4953436.222222222
2017,Nevada,2394035.8181818184
2017,New Hampshire,316200.64
2017,New Jersey,2266960.75
2017,New Mexico,4181765.272727273
2017,New York,2693006.0
2017,North Carolina,4995358.666666667
2017,North Dakota,6324747.157894737
2017,Ohio,8639723.675675675
2017,Oklahoma,4310676.0
2017,Oregon,913246.1714285715
2017,Pennsylvania,7372300.279069767
2017,Rhode Island,794913.0666666667
2017,South Carolina,2983794.2352941176
2017,South Dakota,834165.6666666666
2017,Tennessee,5506511.384615385
2017,Texas,25262230.94736842
2017,Utah,3462204.625
2017,Vermont,3835.75
2017,Virginia,2835878.3636363638
2017,Washington,1258027.2
2017,West Virginia,13681659.789473685
2017,Wisconsin,4902142.057142857
2017,Wyoming,8432857.904761905
2018,Alabama,8636886.923076924
2018,Alaska,564925.1666666666
2018,Arizona,8906033.142857144
2018,Arkansas,5681400.444444444
2018,California,3714824.85106383
2018,Colorado,5785481.833333333
2018,Connecticut,1237610.8387096773
2018,Delaware,608223.4285714285
2018,District of Columbia,28552.0
2018,Florida,11074628.105263159
2018,Georgia,7307115.6
2018,Hawaii,1199537.5
2018,Idaho,252354.57142857142
2018,Illinois,8258374.628571428
2018,Indiana,9897678.702702703
2018,Iowa,4151864.121212121
2018,Kansas,6785039.428571428
2018,Kentucky,13950999.157894736
2018,Louisiana,6551004.516129033
2018,Maine,238011.67567567568
2018,Maryland,2098742.588235294
2018,Massachusetts,1375987.7241379311
2018,Michigan,5993687.804878049
2018,Minnesota,2772569.7674418604
2018,Mississippi,4982285.142857143
2018,Missouri,9721969.185185185
2018,Montana,2974007.238095238
2018,Nebraska,6005800.235294118
2018,Nevada,2334123.8333333335
2018,New Hampshire,350490.08
2018,New Jersey,2363968.5
2018,New Mexico,3512764.380952381
2018,New York,3020150.1621621624
2018,North Carolina,5091529.435897436
2018,North Dakota,6585650.105263158
2018,Ohio,8672349.333333334
2018,Oklahoma,4662947.333333333
2018,Oregon,1035236.4705882353
2018,Pennsylvania,7165648.651162791
2018,Rhode Island,836964.75
2018,South Carolina,3396960.705882353
2018,South Dakota,973506.0
2018,Tennessee,4508139.692307692
2018,Texas,24218558.63157895
2018,Utah,4391389.692307692
2018,Vermont,2494.0
2018,Virginia,3190852.285714286
2018,Washington,1218382.7428571428
2018,West Virginia,12674413.263157895
2018,Wisconsin,4774768.228571429
2018,Wyoming,8383608.761904762
2019,Alabama,8134641.12
2019,Alaska,514139.25925925927
2019,Arizona,8297525.333333333
2019,Arkansas,4816902.814814814
2019,California,3478629.4468085105
2019,Colorado,5897678.782608695
2019,Connecticut,1227936.7741935484
2019,Delaware,504710.6666666667
2019,District of Columbia,73498.66666666667
2019,Florida,10415247.47368421
2019,Georgia,6190801.575757576
2019,Hawaii,1334008.0
2019,Idaho,327544.85714285716
2019,Illinois,7415953.05882353
2019,Indiana,8649288.0
2019,Iowa,3631027.25
2019,Kansas,6425933.538461538
2019,Kentucky,12379985.894736841
2019,Louisiana,6014462.125
2019,Maine,220984.72727272726
2019,Maryland,1588972.8484848484
2019,Massachusetts,1135924.4
2019,Michigan,5583568.4878048785
2019,Minnesota,2390542.6666666665
2019,Mississippi,5267019.368421053
2019,Missouri,8848541.538461538
2019,Montana,3113822.285714286
2019,Nebraska,5567086.352941177
2019,Nevada,2320228.6666666665
2019,New Hampshire,325339.5
2019,New Jersey,2434656.9032258065
2019,New Mexico,3882975.0476190476
2019,New York,2611244.8421052634
2019,North Carolina,4986545.894736842
2019,North Dakota,6035447.578947368
2019,Ohio,7568134.333333333
2019,Oklahoma,4437980.307692308
2019,Oregon,1378575.0
2019,Pennsylvania,7367300.19047619
2019,Rhode Island,748915.5
2019,South Carolina,2869711.0857142857
2019,South Dakota,939700.5714285715
2019,Tennessee,4204268.0
2019,Texas,22900624.210526317
2019,Utah,4356344.0
2019,Vermont,1584.235294117647
2019,Virginia,2853820.9523809524
2019,Washington,1828474.0
2019,West Virginia,11962790.315789474
2019,Wisconsin,3803154.054054054
2019,Wyoming,7466502.857142857
2020,Alabama,7168377.28
2020,Alaska,512424.0
2020,Arizona,6802659.428571428
2020,Arkansas,3476914.3703703703
2020,California,3697288.765957447
2020,Colorado,4472474.923076923
2020,Connecticut,1314269.8064516129
2020,Delaware,507941.5238095238
2020,District of Columbia,53800.5
2020,Florida,10180676.631578946
2020,Georgia,4983103.75
2020,Hawaii,1166954.7272727273
2020,Idaho,355362.56
2020,Illinois,5589599.764705882
2020,Indiana,7411515.085714285
2020,Iowa,2641909.125
2020,Kansas,6260221.230769231
2020,Kentucky,10473657.05263158
2020,Louisiana,5922234.0
2020,Maine,221132.84848484848
2020,Maryland,1318530.4516129033
2020,Massachusetts,1026772.7741935484
2020,Michigan,5318260.3
2020,Minnesota,1995848.6666666667
2020,Mississippi,5630172.842105263
2020,Missouri,8328114.769230769
2020,Montana,1602374.1538461538
2020,Nebraska,4929344.235294118
2020,Nevada,2451013.4545454546
2020,New Hampshire,287941.0
2020,New Jersey,1922845.2903225806
2020,New Mexico,3927578.3157894737
2020,New York,3059575.5428571426
2020,North Carolina,4048551.8947368423
2020,North Dakota,5771576.421052632
2020,Ohio,7267510.27027027
2020,Oklahoma,4058506.769230769
2020,Oregon,1292595.5862068965
2020,Pennsylvania,6724072.0
2020,Rhode Island,895127.2
2020,South Carolina,2715354.8235294116
2020,South Dakota,524846.0
2020,Tennessee,3504880.769230769
2020,Texas,21885803.675675675
2020,Utah,3895875.407407407
2020,Vermont,1931.5294117647059
2020,Virginia,3103105.2682926827
2020,Washington,1499885.375
2020,West Virginia,9431919.047619049
2020,Wisconsin,3685913.5555555555
2020,Wyoming,7153524.19047619
2021,Alabama,7937591.04
2021,Alaska,592825.3333333334
2021,Arizona,6528538.857142857
2021,Arkansas,4551660.461538462
2021,California,3836148.6808510637
2021,Colorado,4980554.56
2021,Connecticut,1411564.0
2021,Delaware,469386.85714285716
2021,District of Columbia,56145.5
2021,Florida,10139406.421052631
2021,Georgia,5808842.933333334
2021,Hawaii,1285744.2
2021,Idaho,411713.76
2021,Illinois,6725500.823529412
2021,Indiana,7614534.702702703
2021,Iowa,3615373.125
2021,Kansas,7012596.0
2021,Kentucky,11822444.842105264
2021,Louisiana,6122255.2
2021,Maine,285665.875
2021,Maryland,1553612.1290322582
2021,Massachusetts,1082312.0
2021,Michigan,5504478.1
2021,Minnesota,2261101.8536585364
2021,Mississippi,5395294.736842105
2021,Missouri,9177436.923076924
2021,Montana,1965636.923076923
2021,Nebraska,5667891.733333333
2021,Nevada,2527094.3636363638
2021,New Hampshire,452117.4
2021,New Jersey,1907894.4516129033
2021,New Mexico,3621830.1052631577
2021,New York,3335848.0
2021,North Carolina,4341504.736842105
2021,North Dakota,5808357.052631579
2021,Ohio,7457475.567567567
2021,Oklahoma,4278759.846153846
2021,Oregon,1290338.8148148148
2021,Pennsylvania,7437298.976744186
2021,Rhode Island,889501.75
2021,South Carolina,2963851.411764706
2021,South Dakota,559694.2222222222
2021,Tennessee,4170373.5384615385
2021,Texas,21702621.89473684
2021,Utah,4570729.692307692
2021,Vermont,2537.8823529411766
2021,Virginia,2828253.9487179485
2021,Washington,1381053.375
2021,West Virginia,12853001.555555556
2021,Wisconsin,4160915.4285714286
2021,Wyoming,6990648.571428572
2022,Alabama,9500375.636363637
2022,Alaska,598583.8333333334
2022,Arizona,6275802.666666667
2022,Arkansas,4815784.461538462
2022,California,3782833.9574468085
2022,Colorado,4405799.555555556
2022,Connecticut,1483726.6206896552
2022,Delaware,510940.38095238095
2022,District of Columbia,31815.0
2022,Florida,10011818.564102564
2022,Georgia,5836254.666666667
2022,Hawaii,1117673.2173913044
2022,Idaho,365975.36
2022,Illinois,6328930.470588235
2022,Indiana,7620509.513513514
2022,Iowa,3270323.0
2022,Kansas,7347988.923076923
2022,Kentucky,11581424.421052631
2022,Louisiana,6657390.620689655
2022,Maine,348963.125
2022,Maryland,1498713.0666666667
2022,Massachusetts,1102840.121212121
2022,Michigan,6001013.025641026
2022,Minnesota,2178200.7804878047
2022,Mississippi,5749052.0
2022,Missouri,8791839.846153846
2022,Montana,2482854.3636363638
2022,Nebraska,5912942.4
2022,Nevada,2456248.909090909
2022,New Hampshire,508629.0
2022,New Jersey,2118852.533333333
2022,New Mexico,3813138.5263157897
2022,New York,3731906.5454545454
2022,North Carolina,5500655.066666666
2022,North Dakota,6065990.736842105
2022,Ohio,7752449.72972973
2022,Oklahoma,3941730.6666666665
2022,Oregon,1124799.142857143
2022,Pennsylvania,7050438.7272727275
2022,Rhode Island,786383.2
2022,South Carolina,2924317.0588235296
2022,South Dakota,627835.5555555555
2022,Tennessee,4090147.6923076925
2022,Texas,22486412.315789472
2022,Utah,4040234.153846154
2022,Vermont,3000.235294117647
2022,Virginia,2820840.756756757
2022,Washington,1232759.0857142857
2022,West Virginia,11194649.111111112
2022,Wisconsin,4122230.875
2022,Wyoming,7356040.19047619
